{
  "project_info": {
    "project_number": "995630142989",
    "project_id": "messagapp-cd86b",
    "storage_bucket": "messagapp-cd86b.appspot.com"
  },
  "client": [
    {
      "client_info": {
        "mobilesdk_app_id": "1:995630142989:android:30464b027aab47d454e744",
        "android_client_info": {
          "package_name": "com.example.appchat"
        }
      },
      "oauth_client": [
        {
          "client_id": "995630142989-efp34uu44a9lsrm4qqkoelciljil5u5t.apps.googleusercontent.com",
          "client_type": 3
        }
      ],
      "api_key": [
        {
          "current_key": "AIzaSyA41QdT__VLP078RpHyWgLL88eGMcGnBk8"
        }
      ],
      "services": {
        "appinvite_service": {
          "other_platform_oauth_client": [
            {
              "client_id": "995630142989-efp34uu44a9lsrm4qqkoelciljil5u5t.apps.googleusercontent.com",
              "client_type": 3
            }
          ]
        }
      }
    }
  ],
  "configuration_version": "1"
}